ime,kapaciteta,mesto,drzava,ekipa,uporaba1,uporaba2,uporaba3,uporaba4
Rungrado 1st of May Stadium,114000,Pyongyang,North Korea,Korea DPR national football team,Association football,athletics,mass games,
Michigan Stadium,107601,"Ann Arbor, Michigan",United States,Michigan Wolverines football,American football,,,
Beaver Stadium,106572,"State College, Pennsylvania",United States,Penn State Nittany Lions football,American football,,,
Ohio Stadium,104944,"Columbus, Ohio",United States,Ohio State Buckeyes football,American football,,,
Kyle Field,102733,"College Station, Texas",United States,Texas A&amp;M Aggies football,American football,,,
Neyland Stadium,102455,"Knoxville, Tennessee",United States,Tennessee Volunteers football,American football,,,
Tiger Stadium (LSU),102321,"Baton Rouge, Louisiana",United States,LSU Tigers football,American football,,,
Bryant–Denny Stadium,101821,"Tuscaloosa, Alabama",United States,Alabama Crimson Tide football,American football,,,
Darrell K Royal–Texas Memorial Stadium,100119,"Austin, Texas",United States,Texas Longhorns football,American football,,,
Melbourne Cricket Ground,100024,Melbourne,Australia,Victorian Bushrangers,Cricket,Australian rules football,,
Camp Nou,99354,Barcelona,Spain,FC Barcelona,Association football,,,
Soccer City,94736,Johannesburg,South Africa,South African national football team,Association football,,,
Los Angeles Memorial Coliseum,93607,Los Angeles,United States,USC Trojans football,American football,,,
Sanford Stadium,92746,"Athens, Georgia",United States,Georgia Bulldogs football,American football,,,
Rose Bowl (stadium),92542,"Pasadena, California",United States,UCLA Bruins football,American football,,,
Cotton Bowl (stadium),92100,Dallas,United States,Dallas Independent School District,American football,,,
Wembley Stadium,90000,London,United Kingdom,England national football team,Association football,rugby league,American Footbal,
Ben Hill Griffin Stadium,88548,"Gainesville, Florida",United States,Florida Gators football,American football,,,
Jordan–Hare Stadium,87451,"Auburn, Alabama",United States,Auburn Tigers football,American football,,,
Bukit Jalil National Stadium,87411,Kuala Lumpur,Malaysia,Malaysia national football team,Association football,athletics,,
Estadio Azteca,87000,Mexico City,Mexico,Club América,Association football,,,
"Memorial Stadium, Lincoln",86047,"Lincoln, Nebraska",United States,Nebraska Cornhuskers football,American football,,,
Borg El Arab Stadium,86000,Alexandria,Egypt,Egypt national football team,Association football,,,
Salt Lake Stadium,85000,Kolkata,India,India national football team,Association football,athletics,,
Gaylord Family Oklahoma Memorial Stadium,84389,"Norman, Oklahoma",United States,Oklahoma Sooners football,American football,,,
Stadium Australia,84000,Sydney,Australia,New South Wales Blues,Rugby league,rugby union,cricket,
MetLife Stadium,82500,"East Rutherford, New Jersey",United States,New York Giants,American football,association football,,
Croke Park,82300,Dublin,Ireland,GAA,Gaelic football,hurling,camogie,
FedExField,82000,"Landover, Maryland",United States,Washington Redskins,American football,,,
Twickenham Stadium,82000,London,United Kingdom,England national rugby union team,Rugby union,,,
Memorial Stadium (Clemson),81500,Clemson,United States,Clemson Tigers football,American football,,,
Lambeau Field,81441,"Green Bay, Wisconsin",United States,Green Bay Packers,American football,,,
Signal Iduna Park,81359,Dortmund,Germany,Borussia Dortmund,Association football,,,
Stade de France,81338,Saint-Denis,France,France national football team,Association football,rugby union,rugby league,
Santiago Bernabéu Stadium,81044,Madrid,Spain,Real Madrid C.F.,Association football,,,
Luzhniki Stadium,81000,Moscow,Russia,none,Association football,,,
Notre Dame Stadium,80795,"South Bend, Indiana",United States,Notre Dame Fighting Irish football,American football,,,
Shah Alam Stadium,80372,Shah Alam,Malaysia,PKNS FC,Association football,,,
Camp Randall Stadium,80321,"Madison, Wisconsin",United States,Wisconsin Badgers football,American football,,,
Williams-Brice Stadium,80250,"Columbia, South Carolina",United States,South Carolina Gamecocks football,American football,,,
Estadio Monumental &quot;U&quot;,80093,Lima,Peru,Universitario de Deportes,Association football,,,
San Siro,80018,Milan,Italy,F.C. Internazionale Milano,Association football,,,
Guangdong Olympic Stadium,80012,Guangzhou,China,,Association football,athletics,,
AT&amp;T Stadium,80000,"Arlington, Texas",United States,Dallas Cowboys,American football,,,
Grand Stade de Casablanca,80000,Casablanca,Morocco,Raja Casablanca,Association football,,,
Beijing National Stadium,80000,Beijing,China,,Athletics,association football,,
Stade 5 Juillet 1962,80000,Algiers,Algeria,MC Algiers,Association football,,,
Stade des Martyrs,80000,Kinshasa,Democratic Republic of the Congo,Congo DR national football team,Association football,,,
Shanghai Stadium,80000,Shanghai,China,Shanghai East Asia F.C.,Association football,,,
Bobby Bowden Field at Doak Campbell Stadium,79560,"Tallahassee, Florida",United States,Florida State Seminoles football,American football,,,
Arrowhead Stadium,79451,"Kansas City, Missouri",United States,Kansas City Chiefs,American football,,,
Maracanã (stadium),78838,Rio de Janeiro,Brazil,Flamengo,Association football,,,
Azadi Stadium,78116,Tehran,Iran,Iran national football team,Association football,,,
EverBank Field,76867,"Jacksonville, Florida",United States,Jacksonville Jaguars,American football,,,
Gelora Bung Karno Stadium,76127,Jakarta,Indonesia,Persija Jakarta,Association football,athletics,,
Sports Authority Field at Mile High,76125,Denver,United States,Denver Broncos,American football,lacrosse,,
Atatürk Olympic Stadium,76092,Istanbul,Turkey,İstanbul Büyükşehir Belediyesi S.K.,Association football,athletics,,
Donald W. Reynolds Razorback Stadium,76000,"Fayetteville, Arkansas",United States,Arkansas Razorbacks football,American football,,,
Old Trafford,75639,Manchester,United Kingdom,Manchester United F.C.,Association football,rugby league,,
Spartan Stadium (East Lansing),75025,"East Lansing, Michigan",United States,Michigan State Spartans football,American football,,,
Allianz Arena,75024,Munich,Germany,Bayern Munich,Association football,,,
"Jawaharlal Nehru Stadium, Kochi",75000,Kochi,India,Indian Cricket Team,Association football,cricket,,
Cairo International Stadium,75000,Cairo,Egypt,Egypt national football team,Association football,,,
Naghsh-e-Jahan Stadium,75000,Isfahan,Iran,Sepahan F.C.,Association football,,,
Estadio Monumental Antonio Vespucio Liberti,74624,Buenos Aires,Argentina,Argentina national football team,Association football,,,
Principality Stadium,74500,Cardiff,United Kingdom,Wales national rugby union team,Rugby union,association football,rugby league,
Olympic Stadium (Berlin),74228,Berlin,Germany,Hertha BSC Berlin,Association football,athletics,,
Ralph Wilson Stadium,73967,"Orchard Park, New York",United States,Buffalo Bills,American football,,,
Bank of America Stadium,73298,"Charlotte, North Carolina",United States,Carolina Panthers,American football,,,
Mercedes-Benz Superdome,73208,New Orleans,United States,New Orleans Saints,American football,association football,basebal,
FirstEnergy Stadium (Cleveland),73200,Cleveland,United States,Cleveland Browns,American football,,,
Stadio Olimpico,72698,Rome,Italy,A.S. Roma,Association football,athletics,,
International Stadium Yokohama,72327,Yokohama,Japan,Yokohama F. Marinos,Association football,,,
NRG Stadium,72000,Houston,United States,Houston Texans,American football,,,
Legion Field,72000,"Birmingham, Alabama",United States,UAB Blazers football,American football,,,
Olympic Stadium (Athens),71030,Athens,Greece,AEK Athens,Association football,athletics,,
M&amp;T Bank Stadium,71008,Baltimore,United States,Baltimore Ravens,American football,,,
Faurot Field,71004,"Columbia, Missouri",United States,Missouri Tigers football,American football,,,
Mercedes-Benz Stadium,71000,Atlanta,United States,Atlanta Falcons,American football,association football,,
Kinnick Stadium,70585,"Iowa City, Iowa",United States,Iowa Hawkeyes football,American football,,,
SDCCU Stadium,70561,San Diego,United States,San Diego State Aztecs football,American football,baseball,,
Husky Stadium,70138,Seattle,United States,Washington Huskies football,American football,,,
Estádio Nacional de Brasília,70064,Brasília,Brazil,Sociedade Esportiva do Gama,Association football,,,
Olimpiyskiy National Sports Complex,70050,Kiev,Ukraine,FK Dynamo Kyiv,Association football,Athletics,,
Seoul Olympic Stadium,69950,Seoul,South Korea,Korea Republic national football team,Athletics,association football,,
Baku National Stadium,69870,Baku,Azerbaijan,Azerbaijan national football team,Association football,athletics,,
Olympic Stadium (Munich),69250,Munich,Germany,,Athletics,,,
Nissan Stadium,69143,"Nashville, Tennessee",United States,Tennessee Titans,American football,,,
Gillette Stadium,68756,"Foxborough, Massachusetts",United States,New England Patriots,American football,association football,,
Lincoln Financial Field,68532,Philadelphia,United States,Philadelphia Eagles,American football,,,
Levi's Stadium,68500,"Santa Clara, California",United States,San Francisco 49ers,American football,,,
Heinz Field,68400,Pittsburgh,United States,Pittsburgh Steelers,American football,,,
Krestovsky Stadium,68134,Saint Petersburg,Russia,FC Zenit Saint Petersburg,Association football,,,
Wanda Metropolitano,67703,Madrid,Spain,Atlético Madrid,Association football,,,
Stade Vélodrome,67344,Marseille,France,Olympique de Marseille,Association football,rugby union,,
Murrayfield Stadium,67144,Edinburgh,United Kingdom,Scotland national rugby union team,Rugby union,,,
Palaran Stadium,67075,Samarinda,Indonesia,,Athletics,association football,,
Estádio do Morumbi,67052,São Paulo,Brazil,São Paulo FC,Association football,,,
CenturyLink Field,67000,Seattle,United States,Seattle Seahawks,American football,association football,,
King Fahd International Stadium,67000,Riyadh,Saudi Arabia,Al Nasr,Association football,,,
The Dome at America's Center,66965,St. Louis,United States,None,,,,
Yadegar-e Emam Stadium,66833,Tabriz,Iran,Teraktor Sazi,Association football,,,
Seoul World Cup Stadium,66806,Seoul,South Korea,Korea Republic national football team,Association football,,,
U.S. Bank Stadium,66655,Minneapolis,United States,Minnesota Vikings,American football,,,
Daegu Stadium,66422,Daegu,South Korea,Daegu FC,Athletics,association football,,
Eden Gardens,66349,Kolkata,India,Indian national cricket team,Cricket,,,
Lane Stadium,66233,"Blacksburg, Virginia",United States,Virginia Tech Hokies football,American football,,,
London Stadium,66000,London,United Kingdom,West Ham United F.C.,Athletics,association football,cricket,
Sun Devil Stadium,65870,"Tempe, Arizona",United States,Arizona State Sun Devils football,American football,,,
Raymond James Stadium,65847,"Tampa, Florida",United States,Tampa Bay Buccaneers,American football,,,
Paul Brown Stadium,65535,Cincinnati,United States,Cincinnati Bengals,American football,,,
Camping World Stadium,65438,"Orlando, Florida",United States,"Jones High School, Orlando",American football,association football,,
Hard Rock Stadium,65326,"Miami Gardens, Florida",United States,Miami Dolphins,American football,baseball,,
Estadio Centenario,65045,Montevideo,Uruguay,Uruguay national football team,Association football,,,
Basra Sports City,65000,Basra,Iraq,Iraq national football team,Association football,,,
Foro Sol,65000,Mexico City,Mexico,Autódromo Hermanos Rodriguez,Baseball,,,
Kamuzu Stadium,65000,Blantyre,Malawi,Malawi national football team,Association football,,,
Alamodome,65000,San Antonio,United States,UTSA Roadrunners football,American football,baseball,,
Ford Field,65000,Detroit,United States,Detroit Lions,American football,,,
Stade Olympique de Radès,65000,Radès,Tunisia,Tunisia national football team,Association football,,,
Jaber Al-Ahmad International Stadium,65000,Kuwait City,Kuwait,Kuwait national football team,Association football,,,
June 11 Stadium,65000,Tripoli,Libya,Libya national football team,Association football,,,
Estádio da Luz,64642,Lisbon,Portugal,Benfica,Association football,,,
Vaught–Hemingway Stadium,64038,"Oxford, Mississippi",United States,Ole Miss Rebels football,American football,,,
Workers Stadium,64000,Beijing,China,Beijing Guoan,Association football,,,
Castelão (Ceará),63903,Fortaleza,Brazil,Ceará,Association football,,,
LaVell Edwards Stadium,63725,"Provo, Utah",United States,Brigham Young University Cougars football,American football,,,
Saitama Stadium 2002,63700,Saitama,Japan,Urawa Red Diamonds,Association football,,,
University of Phoenix Stadium,63400,"Glendale, Arizona",United States,Arizona Cardinals,American football,,,
California Memorial Stadium,63186,"Berkeley, California",United States,California Golden Bears football,American football,,,
Estadio Olímpico Universitario,63186,Mexico City,Mexico,Club Universidad Nacional,Association football,American football,,
Oakland–Alameda County Coliseum,63026,"Oakland, California",United States,Oakland Raiders,American football,baseball,,
Lucas Oil Stadium,63000,Indianapolis,United States,Indianapolis Colts,American football,basketball,,
Kenan Memorial Stadium,62980,"Chapel Hill, North Carolina",United States,North Carolina Tar Heels football,American football,,,
Memorial Stadium (Champaign),62872,"Champaign, Illinois",United States,Illinois Fighting Illini football,American football,,,
Ellis Park Stadium,62567,Johannesburg,South Africa,Golden Lions,Rugby union,association football,,
Ross–Ade Stadium,62500,"West Lafayette, Indiana",United States,Purdue Boilermakers football,American football,,,
Veltins-Arena,62271,Gelsenkirchen,Germany,FC Schalke 04,Association football,,,
Mineirão Stadium,62170,Belo Horizonte,Brazil,Clube Atlético Mineiro,Association football,,,
Yizhong Sports Center,62000,Qingdao,China,Qingdao Jonoon,Association football,,,
Jack Trice Stadium,61500,"Ames, Iowa",United States,Iowa State Cyclones football,American football,,,
Scott Stadium,61500,"Charlottesville, Virginia",United States,Virginia Cavaliers football,American football,,,
Soldier Field,61500,Chicago,United States,Chicago Bears,American football,,,
Yale Bowl,61446,"New Haven, Connecticut",United States,Yale Bulldogs football,American football,,,
Davis Wade Stadium,61337,"Starkville, Mississippi",United States,Mississippi State Bulldogs football,American football,,,
Eden Park,61136,Auckland,New Zealand,New Zealand All Blacks,Rugby union,,,
Kroger Field,61000,"Lexington, Kentucky",United States,Kentucky Wildcats football,American football,,,
Mercedes-Benz Arena (Stuttgart),60649,Stuttgart,Germany,VfB Stuttgart,Association football,,,
Grêmio Arena,60540,Porto Alegre,Brazil,Grêmio,Association football,,,
Mississippi Veterans Memorial Stadium,60492,"Jackson, Mississippi",United States,Jackson State Tigers,American football,,,
Jones AT&amp;T Stadium,60454,"Lubbock, Texas",United States,Texas Tech Red Raiders football,American football,,,
Celtic Park,60411,Glasgow,United Kingdom,Celtic F.C.,Association football,,,
Emirates Stadium,60338,London,United Kingdom,Arsenal F.C.,Association football,,,
Stadio San Paolo,60240,Naples,Italy,Napoli,Association football,,,
Boone Pickens Stadium,60218,"Stillwater, Oklahoma",United States,Oklahoma State Cowboys football,American football,,,
Estádio do Arruda,60044,Recife,Brazil,Santa Cruz Futebol Clube,Association football,,,
Gelora Bung Tomo Stadium,60000,Surabaya,Indonesia,Persebaya Surabaya,Association football,,,
"Jawaharlal Nehru Stadium, Delhi",60000,Delhi,India,India national football team,Association football,athletics,,
King Abdullah Sports City,60000,Jeddah,Saudi Arabia,Saudi national football team,Association football,,,
Estadio Libertadores de América,60000,Avellaneda,Argentina,Club Atlético Independiente,Association football,,,
"Jawaharlal Nehru Stadium, Chennai",60000,Chennai,India,India national football team,Association football,,,
Dr. Bhupen Hazarika Cricket Stadium,60000,Guwahati,India,Assam Cricket Association,Cricket,,,
Estadio Monumental Virgen de Chapi,60000,Arequipa,Peru,FBC Melgar,Association football,,,
Mountaineer Field at Milan Puskar Stadium,60000,"Morgantown, West Virginia",United States,West Virginia Mountaineers football,American football,,,
National Heroes Stadium,60000,Lusaka,Zambia,Zambia national football team,Association football,,,
Abuja Stadium,60000,Abuja,Nigeria,Nigeria national football team,Association football,,,
Gaddafi Stadium,60000,Lahore,Pakistan,Pakistan national cricket team,Cricket,,,
Lake Tanganyika Stadium,60000,Kigoma,Tanzania,Reli FC*,Association football,,,
Benjamin Mkapa National Stadium,60000,Dar es Salaam,Tanzania,Tanzania national football team,Association football,,,
Shenyang Olympic Sports Centre Stadium,60000,Shenyang,China,,Association football,athletics,,
Stade Leopold Senghor,60000,Dakar,Senegal,Senegal national football team,Association football,,,
Moi International Sports Centre,60000,Nairobi,Kenya,Kenya national football team,Association football,,,
Nanjing Olympic Sports Center,60000,Nanjing,China,Jiangsu Sainty F.C.,Association football,athletics,,
National Sports Stadium (Zimbabwe),60000,Harare,Zimbabwe,Zimbabwe national football team,Association football,athletics,,
Odi Stadium,60000,Mabopane,South Africa,Garankuwa United,Association football,,,
Tianhe Stadium,60000,Guangzhou,China,Guangzhou Evergrande F.C.,Association football,,,
Tianjin Olympic Centre Stadium,60000,Tianjin,China,Tianjin Teda F.C.,Association football,,,
Wuhan Sports Center Stadium,60000,Wuhan,China,Wuhan Zall F.C.,Association football,,,
Hohhot City Stadium,60000,Hohhot,China,local football teams,Association football,,,
Jinan Olympic Sports Center Stadium,60000,Jinan,China,Shandong Luneng Taishan F.C.,Association football,athletics,,
Hefei Olympic Sports Center Stadium,60000,Hefei,China,local football teams,Association football,athletics,,
Harbin Sports City Center Stadium,60000,Harbin,China,local football teams,Association football,athletics,,
Guangxi Sports Center,60000,Nanning,China,local football teams,Association football,athletics,,
Perth Stadium,60000,Perth,Australia,Fremantle FC,Australian rules football,rugby union,cricket,
Liberty Bowl Memorial Stadium,59308,"Memphis, Tennessee",United States,Memphis Tigers football,American football,,,
Estadio Monumental Isidro Romero Carbo,59283,Guayaquil,Ecuador,Barcelona Sporting Club,Association football,,,
Parc Olympique Lyonnais,59186,Décines,France,Olympique Lyonnais,Association football,,,
Chongqing Olympic Sports Center,58680,Chongqing,China,Chongqing F.C.,Association football,,,
Stadio San Nicola,58248,Bari,Italy,A.S. Bari,Association football,,,
"National Stadium, Warsaw",58145,Warsaw,Poland,Poland national football team,Association football,American football,,
Arizona Stadium,57803,"Tucson, Arizona",United States,Arizona Wildcats football,American football,,,
Olímpico Sevilla,57619,Seville,Spain,Spain national football team,Association football,,,
Carter–Finley Stadium,57583,"Raleigh, North Carolina",United States,NC State Wolfpack football,American football,,,
Olympic Stadium (Tokyo),57363,Tokyo,Japan,Japan national football team,Association football,athletics,,
Imtech-Arena,57030,Hamburg,Germany,Hamburger SV,Association football,,,
Estadio Mario Alberto Kempes,57000,Córdoba,Argentina,,Association football,,,
Estadio Jalisco,56713,Guadalajara,Mexico,Club Atlas,Association football,,,
Estadio Benito Villamarín,56500,Seville,Spain,Real Betis,Association football,,,
Docklands Stadium,56347,Melbourne,Australia,Western Bulldogs,Australian rules football,cricket,association footbal,
Commonwealth Stadium (Edmonton),56302,Edmonton,Canada,Edmonton Eskimos,Canadian football,association football,rugby union,
Olympic Stadium (Montreal),56040,Montreal,Canada,Montreal Alouettes,Canadian football,baseball,association footbal,
Estádio Beira-Rio,56000,Porto Alegre,Brazil,Sport Club Internacional,Association football,,,
Stadium Puskás Ferenc,56000,Budapest,Hungary,Hungary national football team,Association football,,,
Dodger Stadium,56000,Los Angeles,United States,Los Angeles Dodgers,Baseball,,,
Papa John's Cardinal Stadium,56000,"Louisville, Kentucky",United States,Louisville Cardinals football,American football,,,
Estadi Olímpic Lluís Companys,55926,Barcelona,Spain,,Athletics,,,
Arena Națională,55634,Bucharest,Romania,Romania national football team,Association football,,,
"Municipal Corporation Stadium, Kozhikode",55575,Kozhikode,India,Viva Kerala,Association football,cricket,,
Stadion Crvena Zvezda,55538,Belgrade,Serbia,Red Star Belgrade,Association football,,,
Estadio La Casa Blanca,55400,Quito,Ecuador,Liga Deportiva Universitaria,Association football,,,
Etihad Stadium (Manchester),55097,Manchester,United Kingdom,Manchester City F.C.,Association football,,,
Vicente Calderón Stadium,55005,Madrid,Spain,Atlético Madrid,Association football,,,
DY Patil Stadium,55000,Navi Mumbai,India,Mumbai Indians,Cricket,,,
Trivandrum International Stadium,55000,Thiruvananthapuram,India,India national cricket team,Cricket,,,
New Singapore National Stadium,55000,Singapore,Singapore,Singapore national football team,Association football,Rugby,Cricket,
Rajiv Gandhi International Cricket Stadium,55000,Hyderabad,India,Hyderabad cricket team,Cricket,,,
Cape Town Stadium,55000,Cape Town,South Africa,Ajax Cape Town,Association football,,,
Bobby Dodd Stadium,55000,Atlanta,United States,Georgia Tech Yellow Jackets football,American football,,,
Estadio Latinoamericano,55000,Havana,Cuba,Industriales,Baseball,,,
Helong Stadium,55000,Changsha,China,Hunan Billows F.C.,Association football,,,
Feroz Shah Kotla Ground,55000,Delhi,India,Delhi cricket team,Cricket,,,
Sardar Patel Stadium,55000,Ahmedabad,India,Gujarat cricket team,Cricket,,,
Semple Stadium,55000,Thurles,Ireland,Tipperary GAA,Hurling,Gaelic football,,
World Games Stadium,55000,Kaohsiung,Taiwan,,Association football,,,
Pune International Cricket Centre,55000,Pune,India,Maharashtra Cricket Association,Cricket,,,
Plovdiv Stadium,55000,Plovdiv,Bulgaria,junior football teams,Association football,athletics,,
Esprit Arena,54600,Düsseldorf,Germany,Fortuna Düsseldorf,Association football,,,
Boris Paichadze Stadium,54549,Tbilisi,Georgia,FC Dinamo Tbilisi,Association football,rugby union,,
Silesian Stadium,54477,Chorzów,Poland,Poland national football team,Association football,speedway,athletic,
Friends Arena,54329,Solna,Sweden,AIK,Association football,,,
BC Place,54320,Vancouver,Canada,BC Lions,Canadian football,association football,,
Hrazdan Stadium,54208,Yerevan,Armenia,Armenia national football team,Association football,,,
War Memorial Stadium (Arkansas),54120,"Little Rock, Arkansas",United States,Arkansas Razorbacks football,American football,,,
Anfield,54074,Liverpool,United Kingdom,Liverpool F.C.,Association football,,,
Borussia-Park,54067,Mönchengladbach,Germany,Borussia Mönchengladbach,Association football,,,
Rogers Centre,54000,Toronto,Canada,Toronto Blue Jays,Baseball,,,
Moses Mabhida Stadium,54000,Durban,South Africa,,Association football,,,
Autzen Stadium,54000,"Eugene, Oregon",United States,Oregon Ducks football,American football,,,
Busan Asiad Stadium,53864,Busan,South Korea,Busan IPark,Association football,,,
Folsom Field,53750,"Boulder, Colorado",United States,Colorado Buffaloes football,American football,,,
Estadio Ciudad de La Plata,53600,La Plata,Argentina,Club de Gimnasia y Esgrima La Plata,Association football,,,
Adelaide Oval,53583,Adelaide,Australia,Australia national cricket team,Cricket,Australian rules football,,
Johan Cruyff Arena,53502,Amsterdam,Netherlands,Ajax Amsterdam,Association football,,,
Estadio BBVA Bancomer,53500,Monterrey,Mexico,C.F. Monterrey,Association football,,,
Estádio Parque do Sabiá,53350,Uberlândia,Brazil,Uberlândia Esporte Clube,Association football,,,
San Mamés Stadium (2013),53332,Bilbao,Spain,Athletic Bilbao,Association football,,,
Aleppo International Stadium,53200,Aleppo,Syria,Al-Ittihad,Association football,,,
Ernst Happel Stadion,53008,Vienna,Austria,Austria national football team,Association football,,,
"Memorial Stadium, Bloomington",52692,"Bloomington, Indiana",United States,Indiana Hoosiers football,American football,,,
Türk Telekom Stadium,52652,Istanbul,Turkey,Galatasaray S.K.,Association football,,,
Franklin Field,52593,Philadelphia,United States,Penn Quakers football,American football,athletics,,
Şükrü Saracoğlu Stadium,52530,Istanbul,Turkey,Fenerbahçe S.K.,Association football,,,
Donbass Arena,52518,Donetsk,Ukraine,Shaktar Donetsk,Association football,,,
Lang Park,52500,Brisbane,Australia,Queensland Maroons,Rugby league,rugby union,association footbal,
Falcon Stadium,52480,"Colorado Springs, Colorado",United States,Air Force Falcons football,American football,,,
Estadio Mestalla,52469,Valencia,Spain,Valencia CF,Association football,,,
High Point Solutions Stadium,52454,"Piscataway, New Jersey",United States,Rutgers Scarlet Knights football,American football,association football,lacrosse,
St James' Park,52387,Newcastle upon Tyne,United Kingdom,Newcastle United F.C.,Association football,,,
Yankee Stadium,52325,New York City,United States,New York Yankees,Baseball,association football,,
Bill Snyder Family Football Stadium,52200,"Manhattan, Kansas",United States,Kansas State Wildcats football,American football,,,
Huainan Sports Stadium,52080,Huainan,China,local football teams,Association football,,,
Kings Park Stadium,52000,Durban,South Africa,Sharks,Rugby union,association football,,
Estádio do Dragão,52000,Porto,Portugal,FC Porto,Association football,,,
Stade Moulay Abdellah,52000,Rabat,Morocco,FAR Rabat,Association football,,,
Estadio Monumental de Maturín,52000,Maturín,Venezuela,Monagas Sport Club,Association football,,,
Stade Omnisports,52000,Yaoundé,Cameroon,Tonnerre Yaoundé,Association football,,,
Guiyang Olympic Sports Center,52000,Guiyang,China,Guizhou Renhe F.C.,Association football,,,
Philippine Arena,51898,Ciudad de Victoria,Philippines,None,Basketball,,,
Hampden Park,51866,Glasgow,United Kingdom,Scotland national football team,Association football,,,
Maryland Stadium,51802,"College Park, Maryland",United States,Maryland Terrapins,American football,,,
Loftus Versfeld Stadium,51762,Pretoria,South Africa,Bulls,Rugby union,cricket,association footbal,
Aviva Stadium,51700,Dublin,Ireland,Ireland national rugby union team,Rugby union,association football,,
De Kuip,51577,Rotterdam,Netherlands,Feyenoord,Association football,,,
Commerzbank-Arena,51500,Frankfurt,Germany,Eintracht Frankfurt,Association football,,,
Kumasi Sports Stadium,51500,Kumasi,Ghana,Asante Kotoko,Association football,,,
Sun Bowl Stadium,51500,"El Paso, Texas",United States,UTEP Miners,American football,,,
Estadio Juan Domingo Perón,51389,Avellaneda,Argentina,Racing Club de Avellaneda,Association football,,,
Shizuoka Stadium,51349,Fukuroi,Japan,Júbilo Iwata,Association football,,,
İzmir Atatürk Stadium,51295,Izmir,Turkey,Altay S.K.,Association football,,,
Huanglong Stadium,51139,Hangzhou,China,Hangzhou Greentown F.C.,Association football,,,
Newlands Stadium,51100,Cape Town,South Africa,Stormers,Rugby union,association football,,
Ghadir Stadium,51000,Ahvaz,Iran,Foolad F.C.,Association football,,,
Shaanxi Province Stadium,51000,Xi'an,China,local football team,Association football,,,
Independence Stadium (United States),50832,"Shreveport, Louisiana",United States,Independence Bowl,American football,,,
Ibrox Stadium,50817,Glasgow,United Kingdom,Rangers F.C.,Association Football,,,
TCF Bank Stadium,50805,Minneapolis,United States,Minnesota Golden Gophers football,American football,,,
Dowdy–Ficklen Stadium,50500,"Greenville, North Carolina",United States,East Carolina University Pirates football,American football,,,
Estádio José Alvalade,50466,Lisbon,Portugal,Sporting Clube de Portugal,Association football,,,
Coors Field,50445,Denver,United States,Colorado Rockies,Baseball,,,
Incheon Munhak Stadium,50256,Incheon,South Korea,Incheon Korail,Association football,,,
Stade Pierre-Mauroy,50186,Villeneuve d'Ascq,France,Lille OSC,Association football,,,
King Baudouin Stadium,50122,Brussels,Belgium,Belgium national football team,Association football,athletics,,
Ajinomoto Stadium,50100,Chofu,Japan,F.C. Tokyo,Association football,,,
University of Kansas Memorial Stadium,50071,"Lawrence, Kansas",United States,Kansas Jayhawks football,American football,,,
Shaheed Mohtarama Benazir Bhutto International Cricket Stadium,50000,Garhi Khuda Bakhsh,Pakistan,Pakistan national cricket team,Cricket,,,
Arena Fonte Nova,50000,Salvador,Brazil,,Association football,,,
Stade 19 Mai 1956,50000,Annaba,Algeria,USM Annaba,Association football,,,
Za Lužánkami,50000,Brno,Czech Republic,Brno,Association football,,,
Kim Il-sung Stadium,50000,Pyongyang,North Korea,Pyongyang City Sports Group,Association football,,,
Aloha Stadium,50000,Honolulu,United States,Hawai,American football,baseball,,
Charles Mopeli Stadium,50000,Phuthaditjhaba,South Africa,Free State Stars,Association football,,,
Dowdy–Ficklen Stadium,50000,"Greenville, North Carolina",United States,East Carolina Pirates football,American football,,,
RheinEnergieStadion,49968,Cologne,Germany,1. FC Köln,Association football,,,
Hiroshima Big Arch,50000,Hiroshima,Japan,Sanfrecce Hiroshima,Association football,,,
Jilin People's Stadium,50000,Jilin City,China,local football teams,Association football,,,
Khalifa International Stadium,50000,Doha,Qatar,Qatar national football team,Association football,,,
Nagai Stadium,50000,Osaka,Japan,Cerezo Osaka,Association football,athletics,,
Phnom Pehn National Olympic Stadium,50000,Phnom Penh,Cambodia,Khemara,Association football,,,
Stade 26 mars,50000,Bamako,Mali,Stade Malien,Association football,,,
Stanford Stadium,50000,"Stanford, California",United States,Stanford Cardinal football,American football,,,
Sultan Mizan Zainal Abidin Stadium,50000,Kuala Terengganu,Malaysia,Terengganu FA,Association football,athletics,,
Shiraz Stadium,50000,Shiraz,Iran,,Association football,,,
Henan Provincial Stadium,50000,Zhengzhou,China,local football teams,Association football,,,
Xinjiang Sports Centre,50000,Ürümqi,China,local football teams,Association football,,,
Yanji People's Stadium,50000,Yanji,China,local football teams,Association football,,,
Estádio 11 de Novembro,50000,Luanda,Angola,,Association football,,,
Red Bull Arena (Leipzig),50000,Leipzig,Germany,RB Leipzig,Association football,,,
Guangzhou University City Stadium,50000,Guangzhou,China,local football teams,Association football,,,
Jiangxi Olympic Sports Center,50000,Nanchang,China,local football teams,Association football,athletics,,
Shaheed Veer Narayan Singh International Cricket Stadium,50000,Raipur,India,local teams,Cricket,,,
Gaelic Grounds,49866,Limerick,Ireland,Limerick GAA,Hurling,Gaelic football,,
Estadio Omnilife,49850,Zapopan,Mexico,Club Deportivo Guadalajara,Association football,,,
Fritz-Walter-Stadion,49780,Kaiserslautern,Germany,1. FC Kaiserslautern,Association football,,,
Rajamangala Stadium,49722,Bangkok,Thailand,Thailand national football team,Association football,,,
Sydney Cricket Ground,49700,Sydney,Australia,Australia national cricket team,Cricket,Australian rules football,,
Estadio José Amalfitani,49540,Buenos Aires,Argentina,Club Atlético Vélez Sársfield,Association football,rugby union,,
Ryan Field (stadium),49256,"Evanston, Illinois",United States,Northwestern Wildcats football,American football,,,
Carrier Dome,49250,"Syracuse, New York",United States,Syracuse Orange football,American football,basketball,lacrosse,
Miyagi Stadium,49133,Rifu,Japan,Vegalta Sendai,Association football,athletics,,
Rangers Ballpark in Arlington,49115,"Arlington, Texas",United States,Texas Rangers,Baseball,,,
Chase Field,49033,"Phoenix, Arizona",United States,Arizona Diamondbacks,Baseball,,,
AWD-Arena,49000,Hanover,Germany,Hannover 96,Association football,,,
Stadium of Light,49000,Sunderland,United Kingdom,Sunderland A.F.C.,Association football,,,
Estadio Alberto J. Armando,49000,Buenos Aires,Argentina,Club Atlético Boca Juniors,Association football,,,
Queensland Sport and Athletics Centre,49000,Brisbane,Australia,,Rugby league,,,
Oriole Park at Camden Yards,48876,Baltimore,United States,Baltimore Orioles,Baseball,,,
Jinnah Sports Stadium,48800,Islamabad,Pakistan,Pakistan national football team,Association football,cricket,hockey,
Parc des Princes,48712,Paris,France,Paris Saint-Germain,Association football,,,
Frankenstadion,48548,Nuremberg,Germany,1. FC Nürnberg,Association football,,,
Estadio Tomás Adolfo Ducó,48314,Buenos Aires,Argentina,Club Atlético Huracán,Association football,,,
Safeco Field,48116,Seattle,United States,Seattle Mariners,Baseball,,,
Nelson Mandela Bay Stadium,48000,Port Elizabeth,South Africa,Eastern Province Kings,Rugby union,association football,,
Estadio Malvinas Argentinas,48000,Mendoza,Argentina,Ciudad de Mendoza,Association football,,,
Camille Chamoun Sports City Stadium,47799,Beirut,Lebanon,Lebanon national football team,Association football,,,
Koshien Stadium,47757,Nishinomiya,Japan,Hanshin Tigers,Baseball,,,
Fisht Olympic Stadium,47659,Sochi,Russia,,Association football,athletics,,
Stadio Artemio Franchi,47290,Florence,Italy,ACF Fiorentina,Association football,,,
Estadio Monumental David Arellano,47017,Santiago,Chile,Colo-Colo,Association football,,,
Estadio Nacional Julio Martínez Prádanos,47000,Santiago,Chile,Chile national football team,Association football,athletics,,
Rice Stadium (Rice University),47000,Houston,United States,Rice Owls football,American football,,,
Tokyo Dome,47000,Tokyo,Japan,Yomiuri Giants,Baseball,,,
Estádio Olímpico João Havelange,46931,Rio de Janeiro,Brazil,Botafogo,Association football,,,
Busch Stadium,46861,St. Louis,United States,St. Louis Cardinals,Baseball,,,
Estadio Metropolitano Roberto Meléndez,46788,Barranquilla,Colombia,Colombia national football team,Association football,,,
Estadio El Campín,46018,Bogotá,Colombia,Millonarios,Association football,,,
ACA-VDCA Stadium,46000,Visakhapatnam,India,Andhra,Cricket,,,
Itaipava Arena Pernambuco,46000,São Lourenço da Mata,Brazil,Clube Náutico Capibaribe,Association football,,,
Estádio Olímpico Monumental,46000,Porto Alegre,Brazil,,Association football,,,
Peter Mokaba Stadium,46000,Polokwane,South Africa,,Association football,,,
Estádio Paulo Constantino,45954,Presidente Prudente,Brazil,,Association football,,,
Estadio Cuscatlán,45925,San Salvador,El Salvador,Alianza F.C.,Association football,,,
Reser Stadium,45674,"Corvallis, Oregon",United States,Oregon State Beavers football,American football,,,
Rice-Eccles Stadium,45634,Salt Lake City,United States,Utah Utes football,American football,,,
Estadio Olímpico Pascual Guerrero,45625,Cali,Colombia,América de Cali,Association football,,,
Estadio Nacional (Lima),45574,Lima,Peru,Peru national football team,Association football,,,
Páirc Uí Chaoimh,45500,Cork,Ireland,Cork GAA,Hurling,Gaelic football,,
Estádio Ilha do Retiro,45500,Recife,Brazil,Sport Club do Recife,Association football,,,
Estadio Ramón Sánchez Pizjuán,45500,Seville,Spain,Sevilla FC,Association football,,,
Sydney Football Stadium,45500,Sydney,Australia,Sydney Roosters,Rugby league,rugby union,association footbal,
Stade Adrar,45480,Agadir,Morocco,Hassania Agadir,Association football,,,
Robert F. Kennedy Memorial Stadium,45423,"Washington, D.C.",United States,,Association football,American football,basebal,
Otkrytie Arena,45360,Moscow,Russia,FC Spartak Moscow,Association football,,,
Bright House Networks Stadium,44206,"Orlando, Florida",United States,UCF Knights football,American football,,,
National Stadium (Uganda),45202,Kampala,Uganda,Uganda national football team,Association football,,,
McLane Stadium,45140,"Waco, Texas",United States,Baylor Bears football,American football,,,
Kazan Arena,45105,Kazan,Russia,FC Rubin Kazan,Association football,athletics,,
Estadio Garcilaso,45056,Cusco,Peru,Cienciano del Cuzco,Association football,,,
Angel Stadium of Anaheim,45050,"Anaheim, California",United States,Los Angeles Angels of Anaheim,Baseball,,,
Estádio Olímpico do Pará,45007,Belém,Brazil,Paysandu Sport Club,Association football,,,
"National Hockey Stadium, Lahore",45000,Lahore,Pakistan,Pakistan national field hockey team,Hockey,,,
Arena Corinthians,45000,São Paulo,Brazil,Sport Club Corinthians Paulista,Association football,,,
Estadio Rommel Fernández,45000,Panama City,Panama,Federación Panameňa de Fútbol,Association football,athletics,,
Bangabandhu National Stadium,45000,Dhaka,Bangladesh,Bangladesh national football team,Association football,athletics,,
National Stadium,45000,Karachi,Pakistan,,Cricket,,,
Barabati Stadium,45000,Cuttack,India,Orissa Cricket Association,Cricket,,,
Vidarbha Cricket Association Stadium,45000,Nagpur,India,Vidarbha cricket team,Cricket,,,
Abbasiyyin Stadium,45000,Damascus,Syria,Al-Jaish,Association football,,,
Allianz Parque,45000,São Paulo,Brazil,Sociedade Esportiva Palmeiras,Association football,,,
Kobe Universiade Memorial Stadium,45000,Kobe,Japan,Vissel Kobe,Association football,,,
Roop Singh Stadium,45000,Gwalior,India,Madhya Pradesh Cricket Association,Cricket,,,
Estádio da Machava,45000,Maputo,Mozambique,Mozambique national football team,Association football,,,
Estádio Universitário Pedro Pedrossian,45000,Campo Grande,Brazil,Universidade Federal de Mato Grosso do Sul,Association football,,,
Fatorda Stadium,45000,Margao,India,Dempo SC,Association football,,,
Fez Stadium,45000,Fes,Morocco,Maghreb Fez,Association football,,,
Free State Stadium,45000,Bloemfontein,South Africa,Free State Cheetahs,Rugby union,,,
Green Park Stadium,45000,Kanpur,India,Uttar Pradesh cricket team,Cricket,,,
Stade El Menzah,45000,Tunis,Tunisia,Club Africain,Association football,,,
Toyota Stadium,45000,Toyota,Japan,Nagoya Grampus,Association football,,,
Citi Field,45000,New York City,United States,New York Mets,Baseball,,,
Yantai Sports Park Stadium,45000,Yantai,China,local football teams,Association football,,,
Panathenaic Stadium,45000,Athens,Greece,,Athletics,,,
Stade de Marrakech,45000,Marrakech,Morocco,Kawkab Marrakech,Association football,,,
Stade Omar Bongo,45000,Libreville,Gabon,FC 105 Libreville,Association football,,,
Lagos National Stadium,45000,Lagos,Nigeria,Nigeria national football team,Association football,,,
Grand Stade de Tanger,45000,Tangier,Morocco,IR Tanger,Association football,,,
Zibo Sports Center Stadium,45000,Zibo,China,local football teams,Association football,,,
Weifang Sports Center Stadium,45000,Weifang,China,local football teams,Association football,,,
Orlando Stadium,45000,Johannesburg,South Africa,Orlando Pirates,Association football,,,
Wankhede Stadium,45000,Mumbai,India,Mumbai cricket team,Cricket,,,
Kanchenjunga Stadium,45000,Siliguri,India,local football teams,Association football,,,
Latakia Sports City Stadium,45000,Latakia,Syria,,Association football,,,
Alumni Stadium,44500,"Chestnut Hill, Massachusetts",United States,Boston College Eagles football,American football,,,
Arena Amazonia,44500,Manaus,Brazil,América Futebol Clube,Association football,,,
Ulsan Munsu Football Stadium,44466,Ulsan,South Korea,Ulsan Hyundai,Association football,,,
Estádio Governador Alberto Tavares Silva,44200,Teresina,Brazil,Esporte Clube Flamengo,Association football,,,
Gwangju World Cup Stadium,44118,Gwangju,South Korea,Gwangju FC,Association football,,,
Amon G. Carter Stadium,44008,"Fort Worth, Texas",United States,TCU Horned Frogs football,American football,,,
Levy Mwanawasa Stadium,44000,Ndola,Zambia,Zambia national football team,Association football,,,
Suwon World Cup Stadium,43959,Suwon,South Korea,Suwon Samsung Bluewings,Association football,,,
Riau Main Stadium,43923,Pekanbaru,Indonesia,,Association football,,,
Shandong Provincial Stadium,43700,Jinan,China,local football teams,Association football,,,
Vasil Levski National Stadium,43632,Sofia,Bulgaria,Bulgaria national football team,Association football,,,
PGE Arena Gdańsk,43615,Gdańsk,Poland,Lechia Gdańsk,Association football,,,
Subiaco Oval,43500,Perth,Australia,Fremantle FC,Australian rules football,rugby union,,
Citizens Bank Park,43500,Philadelphia,United States,Philadelphia Phillies,Baseball,,,
Mbombela Stadium,43500,Nelspruit,South Africa,,Association football,,,
El Nuevo Gasómetro,43494,Buenos Aires,Argentina,Club Atlético San Lorenzo de Almagro,Association football,,,
Jeonju World Cup Stadium,43348,Jeonju,South Korea,Jeonbuk Hyundai Motors,Association football,,,
Progressive Field,43345,Cleveland,United States,Cleveland Indians,Baseball,,,
Stadion Miejski (Poznań),43269,Poznań,Poland,Lech Poznań,Association football,,,
Ōita Bank Dome,43254,Ōita,Japan,Ōita Trinita,Association football,,,
Estadio Universidad San Marcos,43000,Lima,Peru,Universidad San Marcos,Association football,,,
Fitzgerald Stadium,43000,Killarney,Ireland,Kerry GAA,Gaelic football,hurling,,
Arena Pantanal,43000,Cuiabá,Brazil,Clube Esportivo Dom Bosco,Association football,,,
Ullevi,43000,Gothenburg,Sweden,,Association football,athletics,,
Arena das Dunas,43000,Natal,Brazil,Federação Norte-rio-grandense de Futebol,Association football,,,
Sheikh Zayed Stadium,43000,Abu Dhabi,United Arab Emirates,UAE President Cup,Association football,,,
Sapporo Dome,42831,Sapporo,Japan,Consadole Sapporo,Association football,baseball,,
Villa Park,42788,Birmingham,United Kingdom,Aston Villa F.C.,Association football,,,
Stadion Miejski (Wrocław),42771,Wrocław,Poland,Śląsk Wrocław,Association football,,,
Zhuzhou Stadium,42740,Zhuzhou,China,local football teams,Association football,,,
Estadio Cuauhtémoc,42648,Puebla,Mexico,Puebla F.C.,Association football,,,
Estadio Metropolitano de Mérida,42500,Mérida,Venezuela,Estudiantes de Mérida FC,Association football,,,
St. Jakob-Park,42500,Basel,Switzerland,FC Basel,Association football,,,
Perak Stadium,42500,Ipoh,Malaysia,Perak FA,Association football,,,
Weserstadion,42500,Bremen,Germany,Werder Bremen,Association football,,,
Petco Park,42445,San Diego,United States,San Diego Padres,Baseball,,,
Tohoku Electric Power Big Swan Stadium,42300,Niigata,Japan,Albirex Niigata,Association football,,,
Jeju World Cup Stadium,42256,Seogwipo,South Korea,Jeju United FC,Association football,,,
Miller Park (Milwaukee),42200,Milwaukee,United States,Milwaukee Brewers,Baseball,,,
Nouveau Stade de Bordeaux,42115,Bordeaux,France,FC Girondins de Bordeaux,Association football,,,
Great American Ball Park,42059,Cincinnati,United States,Cincinnati Reds,Baseball,,,
Mohammed Bin Zayed Stadium,42056,Abu Dhabi,United Arab Emirates,Al-Jazira Club,Association football,,,
Stamford Bridge (stadium),42055,London,United Kingdom,Chelsea F.C.,Association football,,,
Estádio do Zimpeto,42055,Maputo,Mozambique,,Association football,athletics,,
The Gabba,42000,Brisbane,Australia,Australia national cricket team,Cricket,Australian rules football,,
McHale Park,42000,Castlebar,Ireland,Mayo GAA,Gaelic football,hurling,,
Estadio Universitario (UANL),42000,San Nicolás de los Garza,Mexico,Tigres de la UANL,Association football,,,
Arena da Baixada,42000,Curitiba,Brazil,Atlético Paranaense,Association football,,,
Chengdu Sports Centre,42000,Chengdu,China,Chengdu Blades,Association football,,,
Stade Geoffroy-Guichard,42000,Saint-Étienne,France,AS Saint-Étienne,Association football,,,
Estadio Hernando Siles,42000,La Paz,Bolivia,La Paz F.C.,Association football,,,
Royal Bafokeng Stadium,42000,Phokeng,South Africa,Platinum Stars F.C.,Rugby union,association football,athletic,
Stadio Flaminio,42000,Rome,Italy,Italy national rugby union team,Rugby union,association football,,
Vodafone Stadium,41903,Istanbul,Turkey,Beşiktaş J.K.,Association football,,,
Nationals Park,41888,"Washington, D.C.",United States,Washington Nationals,Baseball,,,
Estadio Gigante de Arroyito,41654,Rosario,Argentina,Rosario Central,Association football,,,
Stadio Friuli,41652,Udine,Italy,Udinese Calcio,Association football,,,
Ramat Gan Stadium,41583,Ramat Gan,Israel,Israel national football team,Association football,,,
Estádio Serra Dourada,41574,Goiânia,Brazil,Goiás Esporte Clube,Association football,,,
Juventus Stadium,41507,Turin,Italy,Juventus F.C.,Association football,,,
AT&amp;T Park,41503,San Francisco,United States,San Francisco Giants,Baseball,American football,,
Estadio Morelos,41500,Morelia,Mexico,Monarcas Morelia,Association football,,,
Vanderbilt Stadium,41448,"Nashville, Tennessee",United States,Vanderbilt Commodores football,American football,,,
Goyang Stadium,41311,Goyang,South Korea,Goyang KB,Association football,,,
Polideportivo Cachamay,41300,Ciudad Guayana,Venezuela,Atlético Club Mineros de Guayana,Association football,,,
Daejeon World Cup Stadium,41295,Daejeon,South Korea,Daejeon Citizen,Association football,,,
Plaza México,41262,Mexico City,Mexico,,Bullfighting,,,
Stade Félix-Bollaert,41233,Lens,France,RC Lens,Association football,,,
Colorado State Stadium,41200,"Fort Collins, Colorado",United States,Colorado State Rams football,American football,,,
SunTrust Park,41149,Atlanta,United States,Atlanta Braves,Baseball,,,
Wrigley Field,41118,Chicago,United States,Chicago Cubs,Baseball,,,
Comerica Park,41070,Detroit,United States,Detroit Tigers,Baseball,,,
Dynama Stadium (Minsk),41040,Minsk,Belarus,Belarus national football team,Association football,,,
Bulldog Stadium,41031,"Fresno, California",United States,Fresno State Bulldogs football,American football,,,
M. M. Roberts Stadium,41000,"Hattiesburg, Mississippi",United States,Southern Miss Golden Eagles football,American football,,,
Estadio Olímpico Atahualpa,41000,Quito,Ecuador,Sociedad Deportivo Quito,Association football,,,
Minute Maid Park,40950,Houston,United States,Houston Astros,Baseball,,,
Estadio Atanasio Girardot,40943,Medellín,Colombia,Atlético Nacional,Association football,,,
Kauffman Stadium,40793,"Kansas City, Missouri",United States,Kansas City Royals,Baseball,,,
Estadio Defensores del Chaco,40759,Asunción,Paraguay,Asociacion Paraguaya de Futbol,Association football,,,
Kashima Soccer Stadium,40728,Kashima,Japan,Kashima Antlers,Association football,,,
Ladd–Peebles Stadium,40646,"Mobile, Alabama",United States,South Alabama Jaguars football,American football,,,
Guaranteed Rate Field,40615,Chicago,United States,Chicago White Sox,Baseball,,,
Helsinki Olympic Stadium,40600,Helsinki,Finland,Finland national football team,Association football,athletics,,
Estadi Cornellà-El Prat,40500,Barcelona,Spain,RCD Espanyol,Association football,,,
Nagoya Dome,40500,Nagoya,Japan,Chunichi Dragons,Baseball,,,
Stade de Gerland,40494,Lyon,France,Olympique Lyonnais,Association football,,,
Estadio Ciudad de Lanús – Néstor Díaz Pérez,40320,Lanús,Argentina,Club Atlético Lanús,Association football,,,
Estadio Metropolitano de Fútbol de Lara,40312,Barquisimeto,Venezuela,Unión Lara,Association football,,,
Stadio San Filippo,40200,Messina,Italy,F.C. Messina Peloro,Association football,,,
Estádio do Pacaembu,40199,São Paulo,Brazil,Corinthians,Association football,,,
Mỹ Đình National Stadium,40192,Hanoi,Vietnam,Vietnam national football team,Association football,,,
Goodison Park,40158,Liverpool,United Kingdom,Everton F.C.,Association football,,,
TDECU Stadium,40000,Houston,United States,Houston Cougars football,American football,,,
Gelora Sriwijaya Stadium,40000,Palembang,Indonesia,Sriwijaya FC,Association football,,,
Hang Jebat Stadium,40000,Malacca,Malaysia,Melaka Telekom,Association football,,,
Peoples Football Stadium,40000,Karachi,Pakistan,HBL FC,Association football,,,
Harapan Bangsa Stadium,40000,Banda Aceh,Indonesia,Persiraja Banda Aceh,Association football,,,
Castelão (Maranhão),40000,São Luís,Brazil,Moto Club,Association football,,,
Stade Mohamed Hamlaoui,40000,Constantine,Algeria,Club Sportif de Constantine,Association football,,,
Hong Kong Stadium,40000,Wanchai,Hong Kong,Hong Kong national football team,Association football,Rugby union,,
Gelora Sriwijaya Stadium,40000,Palembang,Indonesia,Sriwijaya FC,Association football,,,
JRD Tata Sports Complex,40000,Jamshedpur,India,local football teams,Association football,,,
March 28 Stadium,40000,Benghazi,Libya,Al-Ahly Benghazi,Association football,,,
Negeri Pulau Pinang Stadium,40000,Batu Kawan,Malaysia,Penang FA,Association football,,,
Accra Sports Stadium,40000,Accra,Ghana,Accra Hearts of Oak Sporting Club,Association football,,,
Rentschler Field (stadium),40000,"East Hartford, Connecticut",United States,Connecticut Huskies football,American football,,,
Sarawak Stadium,40000,Kuching,Malaysia,Sarawak FA,Association football,,,
Stade d'Angondjé,40000,Angondjé,Gabon,Gabon national football team,Association football,,,
Bo'an Stadium,40000,Shenzhen,China,Shenzhen Ruby F.C.,Association football,,,
Kunming Tuodong Sports Center,40000,Kunming,China,China national football team,Association football,,,
Vidarbha Cricket Association Ground,40000,Nagpur,India,Vidarbha cricket team,Cricket,,,
Bogyoke Aung San Stadium,40000,Yangon,Burma,local football teams,Association football,,,
Wuhu Olympic Stadium,40000,Wuhu,China,local football teams,Association football,,,
Riverside Sports Center,40000,Shanghai,China,local football teams,Association football,,,
Nippert Stadium,40000,Cincinnati,United States,Cincinnati Bearcats football,American football,Association football,,
Riverside Sports Center,40000,Shanghai,China,local football teams,Association football,,,
Darul Makmur Stadium,40000,Kuantan,Malaysia,Pahang FA,Association football,Athletics,,
